sub	MB	ME	Region	TSNR
10054	1	4	VS	48.31401062011719
10054	1	4	RVS	44.73104476928711
10054	1	4	LVS	40.02479934692383
10054	1	4	vmPFC	51.344505310058594
10054	1	4	FFA	48.46583557128906
10054	1	4	sCerb	50.61909484863281
10054	1	4	iCerb	51.72218704223633
10054	1	4	Motor	53.16592025756836
10059	1	4	VS	56.987857818603516
10059	1	4	RVS	53.291263580322266
10059	1	4	LVS	50.833961486816406
10059	1	4	vmPFC	60.106300354003906
10059	1	4	FFA	62.676841735839844
10059	1	4	sCerb	58.805728912353516
10059	1	4	iCerb	60.59049606323242
10059	1	4	Motor	64.12566375732422
10043	3	4	VS	41.73155975341797
10043	3	4	RVS	39.639034271240234
10043	3	4	LVS	35.782371520996094
10043	3	4	vmPFC	43.25041961669922
10043	3	4	FFA	46.52536392211914
10043	3	4	sCerb	56.44729232788086
10043	3	4	iCerb	53.672340393066406
10043	3	4	Motor	51.53711700439453
10074	3	1	VS	31.487852437487593
10074	3	1	RVS	28.142777119084446
10074	3	1	LVS	27.0014183332049
10074	3	1	vmPFC	22.819199169415707
10074	3	1	FFA	40.0211640203289
10074	3	1	sCerb	39.85041719279237
10074	3	1	iCerb	40.164754936893495
10074	3	1	Motor	42.9984339000215
10074	6	1	VS	28.881585778688837
10074	6	1	RVS	26.593170887391988
10074	6	1	LVS	25.40070849354493
10074	6	1	vmPFC	30.601916044995182
10074	6	1	FFA	41.92337374709982
10074	6	1	sCerb	38.03368277099979
10074	6	1	iCerb	42.091315678605525
10074	6	1	Motor	46.88694693493489
10017	1	1	VS	27.372549588991806
10017	1	1	RVS	32.84790448667328
10017	1	1	LVS	29.42942736659161
10017	1	1	vmPFC	38.25271615457523
10017	1	1	FFA	47.01179417154109
10017	1	1	sCerb	45.35839496698284
10017	1	1	iCerb	44.7533104276763
10017	1	1	Motor	50.509440265528646
10186	6	1	VS	15.446295114025071
10186	6	1	RVS	27.64354822246622
10186	6	1	LVS	22.703716501286987
10186	6	1	vmPFC	35.669625026063244
10186	6	1	FFA	31.77185857351449
10186	6	1	sCerb	37.92439789705207
10186	6	1	iCerb	35.26505010726896
10186	6	1	Motor	55.871827433306926
10017	6	1	VS	24.331730642678394
10017	6	1	RVS	28.04296055081552
10017	6	1	LVS	26.001876527223757
10017	6	1	vmPFC	35.02113536191808
10017	6	1	FFA	43.56911998037476
10017	6	1	sCerb	41.54847250998101
10017	6	1	iCerb	41.39696815828817
10017	6	1	Motor	44.6465647189668
10108	6	4	VS	31.137014389038086
10108	6	4	RVS	28.878293991088867
10108	6	4	LVS	26.101469039916992
10108	6	4	vmPFC	43.94462585449219
10108	6	4	FFA	33.629276275634766
10108	6	4	sCerb	40.25864791870117
10108	6	4	iCerb	42.26008224487305
10108	6	4	Motor	39.997230529785156
10186	1	4	VS	52.80744552612305
10186	1	4	RVS	47.67931365966797
10186	1	4	LVS	46.698455810546875
10186	1	4	vmPFC	63.64690399169922
10186	1	4	FFA	53.55084991455078
10186	1	4	sCerb	57.76731872558594
10186	1	4	iCerb	53.5190315246582
10186	1	4	Motor	74.4142074584961
10043	3	1	VS	34.73557046709128
10043	3	1	RVS	35.935673954444155
10043	3	1	LVS	31.40159527067543
10043	3	1	vmPFC	41.00926269161365
10043	3	1	FFA	40.14851169231297
10043	3	1	sCerb	48.9129022277836
10043	3	1	iCerb	48.577144405917664
10043	3	1	Motor	51.854271101688866
10137	3	4	VS	43.35432052612305
10137	3	4	RVS	40.98230743408203
10137	3	4	LVS	39.40839767456055
10137	3	4	vmPFC	49.09608840942383
10137	3	4	FFA	59.00730895996094
10137	3	4	sCerb	50.76341247558594
10137	3	4	iCerb	55.056941986083984
10137	3	4	Motor	53.02708435058594
10059	1	1	VS	39.91630963874752
10059	1	1	RVS	41.35899551998678
10059	1	1	LVS	37.88793064304167
10059	1	1	vmPFC	45.062373799862364
10059	1	1	FFA	52.37232757419241
10059	1	1	sCerb	47.175728465715544
10059	1	1	iCerb	44.34615691939453
10059	1	1	Motor	63.80236118301959
10035	6	4	VS	33.56596755981445
10035	6	4	RVS	33.64773941040039
10035	6	4	LVS	32.73915481567383
10035	6	4	vmPFC	49.73377990722656
10035	6	4	FFA	43.38524627685547
10035	6	4	sCerb	47.525367736816406
10035	6	4	iCerb	59.21816635131836
10035	6	4	Motor	51.77495574951172
10154	1	1	VS	23.742965006406536
10154	1	1	RVS	29.365284122452238
10154	1	1	LVS	27.776041681636762
10154	1	1	vmPFC	51.62462363236284
10154	1	1	FFA	35.41121589631857
10154	1	1	sCerb	41.14214293472518
10154	1	1	iCerb	44.37723326657386
10154	1	1	Motor	42.44843393035569
10108	6	1	VS	31.615552979899206
10108	6	1	RVS	30.924012037400512
10108	6	1	LVS	28.411149949684244
10108	6	1	vmPFC	46.759030745219505
10108	6	1	FFA	35.98617256057205
10108	6	1	sCerb	41.51809546253604
10108	6	1	iCerb	41.17658527773092
10108	6	1	Motor	55.56102623211738
10125	3	4	VS	41.18480682373047
10125	3	4	RVS	39.989341735839844
10125	3	4	LVS	39.005611419677734
10125	3	4	vmPFC	41.50345993041992
10125	3	4	FFA	47.0974235534668
10125	3	4	sCerb	50.31471252441406
10125	3	4	iCerb	47.134185791015625
10125	3	4	Motor	43.13059616088867
10080	1	1	VS	15.574686854570583
10080	1	1	RVS	19.490850414520242
10080	1	1	LVS	19.700361594452065
10080	1	1	vmPFC	20.357957502765306
10080	1	1	FFA	36.46051038759534
10080	1	1	sCerb	37.25424001520418
10080	1	1	iCerb	34.192587737510316
10080	1	1	Motor	35.8853667685925
10137	3	1	VS	29.101393999252473
10137	3	1	RVS	33.08693081945439
10137	3	1	LVS	27.97239410261283
10137	3	1	vmPFC	36.06357821538343
10137	3	1	FFA	51.85539429279578
10137	3	1	sCerb	45.12993074884102
10137	3	1	iCerb	44.96264247874887
10137	3	1	Motor	49.6148357802414
10137	1	4	VS	51.693153381347656
10137	1	4	RVS	49.05509948730469
10137	1	4	LVS	48.13471603393555
10137	1	4	vmPFC	62.24762725830078
10137	1	4	FFA	67.3092041015625
10137	1	4	sCerb	57.965389251708984
10137	1	4	iCerb	59.554237365722656
10137	1	4	Motor	61.52201461791992
10150	6	4	VS	25.481136322021484
10150	6	4	RVS	31.04265022277832
10150	6	4	LVS	25.609399795532227
10150	6	4	vmPFC	43.224159240722656
10150	6	4	FFA	44.7143440246582
10150	6	4	sCerb	35.50154495239258
10150	6	4	iCerb	39.66371536254883
10150	6	4	Motor	50.11865234375
10080	3	1	VS	14.448705307936113
10080	3	1	RVS	19.27977409005736
10080	3	1	LVS	22.010467225703565
10080	3	1	vmPFC	23.814547556578322
10080	3	1	FFA	35.48407717164409
10080	3	1	sCerb	38.68345882916113
10080	3	1	iCerb	37.90071614432712
10080	3	1	Motor	44.94040644109802
10024	3	4	VS	46.12615203857422
10024	3	4	RVS	45.125831604003906
10024	3	4	LVS	42.04753494262695
10024	3	4	vmPFC	55.31364059448242
10024	3	4	FFA	65.35742950439453
10024	3	4	sCerb	56.682308197021484
10024	3	4	iCerb	56.995521545410156
10024	3	4	Motor	65.69208526611328
10043	1	1	VS	39.88534427370027
10043	1	1	RVS	39.134694031798595
10043	1	1	LVS	35.95428319663306
10043	1	1	vmPFC	47.64726643732256
10043	1	1	FFA	46.582125684256106
10043	1	1	sCerb	52.443366016842326
10043	1	1	iCerb	51.19724837603694
10043	1	1	Motor	59.47568283161257
10035	3	4	VS	43.94392395019531
10035	3	4	RVS	48.33325958251953
10035	3	4	LVS	43.731666564941406
10035	3	4	vmPFC	54.3111572265625
10035	3	4	FFA	62.911460876464844
10035	3	4	sCerb	59.1977653503418
10035	3	4	iCerb	68.57295227050781
10035	3	4	Motor	59.421722412109375
10154	3	1	VS	24.531823356845706
10154	3	1	RVS	28.821417586462726
10154	3	1	LVS	28.304571374108477
10154	3	1	vmPFC	43.52944723353578
10154	3	1	FFA	37.27318623003558
10154	3	1	sCerb	40.603817456956065
10154	3	1	iCerb	46.021480942387655
10154	3	1	Motor	40.46027630659388
10080	1	4	VS	32.352500915527344
10080	1	4	RVS	27.688215255737305
10080	1	4	LVS	30.560209274291992
10080	1	4	vmPFC	31.404977798461914
10080	1	4	FFA	48.46711349487305
10080	1	4	sCerb	45.761165618896484
10080	1	4	iCerb	45.459068298339844
10080	1	4	Motor	54.246131896972656
10142	3	4	VS	39.29963684082031
10142	3	4	RVS	35.324440002441406
10142	3	4	LVS	35.02671432495117
10142	3	4	vmPFC	52.334415435791016
10142	3	4	FFA	52.53177261352539
10142	3	4	sCerb	55.16703414916992
10142	3	4	iCerb	52.75065231323242
10142	3	4	Motor	54.60981750488281
10024	6	4	VS	32.01872253417969
10024	6	4	RVS	32.97614669799805
10024	6	4	LVS	30.840465545654297
10024	6	4	vmPFC	56.74300765991211
10024	6	4	FFA	60.075767517089844
10024	6	4	sCerb	41.89830017089844
10024	6	4	iCerb	48.212589263916016
10024	6	4	Motor	59.95578384399414
10188	6	1	VS	31.95552223164
10188	6	1	RVS	29.787195763535497
10188	6	1	LVS	29.71880262295266
10188	6	1	vmPFC	32.85962346102664
10188	6	1	FFA	45.345246061661626
10188	6	1	sCerb	41.23088474875189
10188	6	1	iCerb	42.73481616726235
10188	6	1	Motor	46.12317320359711
10035	1	4	VS	56.573612213134766
10035	1	4	RVS	54.97283935546875
10035	1	4	LVS	52.187477111816406
10035	1	4	vmPFC	56.653560638427734
10035	1	4	FFA	65.2981948852539
10035	1	4	sCerb	65.8267822265625
10035	1	4	iCerb	72.35364532470703
10035	1	4	Motor	63.77889633178711
10043	6	1	VS	33.660949151754586
10043	6	1	RVS	32.644854691659575
10043	6	1	LVS	31.17995018394006
10043	6	1	vmPFC	43.60070662786774
10043	6	1	FFA	41.95804194794314
10043	6	1	sCerb	45.590224019144834
10043	6	1	iCerb	45.83412337464215
10043	6	1	Motor	56.43483261594349
10017	3	1	VS	29.2780239149712
10017	3	1	RVS	32.7327470480338
10017	3	1	LVS	30.866086654760853
10017	3	1	vmPFC	40.8348417200323
10017	3	1	FFA	45.25517392723907
10017	3	1	sCerb	44.27860644587408
10017	3	1	iCerb	43.002870296461424
10017	3	1	Motor	49.590966167273145
10188	1	1	VS	39.93865198757749
10188	1	1	RVS	35.53707327367651
10188	1	1	LVS	38.110495873000175
10188	1	1	vmPFC	40.172008500984745
10188	1	1	FFA	47.3116783476603
10188	1	1	sCerb	45.69734764082166
10188	1	1	iCerb	45.64397633783177
10188	1	1	Motor	52.48797563244145
10137	6	1	VS	27.303891077854164
10137	6	1	RVS	30.97713545534024
10137	6	1	LVS	26.378858369309665
10137	6	1	vmPFC	38.688111074273344
10137	6	1	FFA	42.72006360586352
10137	6	1	sCerb	40.77070180057648
10137	6	1	iCerb	43.21958959352894
10137	6	1	Motor	47.40476910229406
10035	6	1	VS	21.27849442539033
10035	6	1	RVS	33.43528932015021
10035	6	1	LVS	26.87214859580366
10035	6	1	vmPFC	29.69895077054682
10035	6	1	FFA	39.49268412002971
10035	6	1	sCerb	43.00836748305152
10035	6	1	iCerb	46.14067863180387
10035	6	1	Motor	45.13344684707084
10078	6	1	VS	16.488786828059066
10078	6	1	RVS	25.545069520017133
10078	6	1	LVS	22.820959262566557
10078	6	1	vmPFC	40.96409366714324
10078	6	1	FFA	34.51660210226248
10078	6	1	sCerb	42.81297601995347
10078	6	1	iCerb	43.99986195665482
10078	6	1	Motor	45.35738269178076
10059	6	4	VS	31.733789443969727
10059	6	4	RVS	33.71559143066406
10059	6	4	LVS	27.372488021850586
10059	6	4	vmPFC	54.677940368652344
10059	6	4	FFA	62.876686096191406
10059	6	4	sCerb	44.400516510009766
10059	6	4	iCerb	45.739990234375
10059	6	4	Motor	62.47214889526367
10078	6	4	VS	21.116485595703125
10078	6	4	RVS	25.765670776367188
10078	6	4	LVS	24.36296272277832
10078	6	4	vmPFC	46.0912971496582
10078	6	4	FFA	42.28441619873047
10078	6	4	sCerb	43.499229431152344
10078	6	4	iCerb	47.66023254394531
10078	6	4	Motor	48.96170425415039
10154	6	1	VS	21.78425892708304
10154	6	1	RVS	24.50319007733213
10154	6	1	LVS	24.661740578709338
10154	6	1	vmPFC	38.80228446095645
10154	6	1	FFA	32.78596201901284
10154	6	1	sCerb	35.15601865877578
10154	6	1	iCerb	39.36763199128786
10154	6	1	Motor	37.344147860487986
10125	6	1	VS	24.80188703840373
10125	6	1	RVS	28.456099054888487
10125	6	1	LVS	27.477314760812543
10125	6	1	vmPFC	45.31993365210817
10125	6	1	FFA	29.302912517552617
10125	6	1	sCerb	37.113191721075225
10125	6	1	iCerb	35.27896341522721
10125	6	1	Motor	47.58335546321521
10188	3	1	VS	37.32970243529091
10188	3	1	RVS	33.37953378243979
10188	3	1	LVS	34.43940309872271
10188	3	1	vmPFC	39.80487033608211
10188	3	1	FFA	48.605258595718574
10188	3	1	sCerb	43.218902308561326
10188	3	1	iCerb	43.03604583965919
10188	3	1	Motor	49.14809432462887
10188	3	4	VS	40.747100830078125
10188	3	4	RVS	35.53689193725586
10188	3	4	LVS	36.27650833129883
10188	3	4	vmPFC	38.096256256103516
10188	3	4	FFA	46.755859375
10188	3	4	sCerb	50.623958587646484
10188	3	4	iCerb	49.33118438720703
10188	3	4	Motor	49.570125579833984
10024	1	4	VS	55.690128326416016
10024	1	4	RVS	48.83340835571289
10024	1	4	LVS	47.095611572265625
10024	1	4	vmPFC	62.21405029296875
10024	1	4	FFA	66.55793762207031
10024	1	4	sCerb	57.13835144042969
10024	1	4	iCerb	58.530941009521484
10024	1	4	Motor	56.93252944946289
10074	3	4	VS	33.985862731933594
10074	3	4	RVS	30.72934913635254
10074	3	4	LVS	28.59171485900879
10074	3	4	vmPFC	43.02504348754883
10074	3	4	FFA	53.66754150390625
10074	3	4	sCerb	49.03359603881836
10074	3	4	iCerb	49.15517044067383
10074	3	4	Motor	46.130889892578125
10221	3	1	VS	30.552889627015528
10221	3	1	RVS	30.779208740997802
10221	3	1	LVS	31.204203020986814
10221	3	1	vmPFC	35.99978488435609
10221	3	1	FFA	33.46377114841695
10221	3	1	sCerb	41.553738432642284
10221	3	1	iCerb	35.618653018244096
10221	3	1	Motor	40.63780475057011
10080	6	4	VS	18.898399353027344
10080	6	4	RVS	18.426101684570312
10080	6	4	LVS	19.96488380432129
10080	6	4	vmPFC	22.037160873413086
10080	6	4	FFA	29.70189666748047
10080	6	4	sCerb	32.93653106689453
10080	6	4	iCerb	34.23356628417969
10080	6	4	Motor	33.31755065917969
10137	1	1	VS	29.647611768245245
10137	1	1	RVS	35.41768575458315
10137	1	1	LVS	28.933992798425265
10137	1	1	vmPFC	41.39478385428004
10137	1	1	FFA	51.05361210344357
10137	1	1	sCerb	47.8555981026179
10137	1	1	iCerb	45.349111253642086
10137	1	1	Motor	53.65723511501034
10078	1	4	VS	50.17131805419922
10078	1	4	RVS	44.45220184326172
10078	1	4	LVS	45.14556121826172
10078	1	4	vmPFC	49.5579948425293
10078	1	4	FFA	51.58523941040039
10078	1	4	sCerb	59.82354736328125
10078	1	4	iCerb	62.227783203125
10078	1	4	Motor	51.43985366821289
10142	1	1	VS	29.326143020703267
10142	1	1	RVS	27.730635740176805
10142	1	1	LVS	26.298336441153438
10142	1	1	vmPFC	27.58413434759273
10142	1	1	FFA	25.15863275194873
10142	1	1	sCerb	36.27177572453623
10142	1	1	iCerb	31.53230597567977
10142	1	1	Motor	32.27914877971802
10154	1	4	VS	37.14696502685547
10154	1	4	RVS	34.84056854248047
10154	1	4	LVS	37.02717208862305
10154	1	4	vmPFC	51.81552505493164
10154	1	4	FFA	33.24932861328125
10154	1	4	sCerb	44.34555435180664
10154	1	4	iCerb	50.64863586425781
10154	1	4	Motor	39.839805603027344
10221	6	4	VS	26.794235229492188
10221	6	4	RVS	23.402496337890625
10221	6	4	LVS	23.899263381958008
10221	6	4	vmPFC	28.48980140686035
10221	6	4	FFA	25.411325454711914
10221	6	4	sCerb	32.978538513183594
10221	6	4	iCerb	31.54984474182129
10221	6	4	Motor	27.98042869567871
10188	6	4	VS	27.984949111938477
10188	6	4	RVS	24.261411666870117
10188	6	4	LVS	24.23662757873535
10188	6	4	vmPFC	33.326229095458984
10188	6	4	FFA	33.371822357177734
10188	6	4	sCerb	36.03889846801758
10188	6	4	iCerb	38.56322479248047
10188	6	4	Motor	35.0292854309082
10017	3	4	VS	45.055320739746094
10017	3	4	RVS	40.800018310546875
10017	3	4	LVS	39.56806564331055
10017	3	4	vmPFC	46.82940673828125
10017	3	4	FFA	53.38291931152344
10017	3	4	sCerb	53.31459426879883
10017	3	4	iCerb	52.102569580078125
10017	3	4	Motor	57.60833740234375
10221	6	1	VS	25.30763385907182
10221	6	1	RVS	26.44558466371158
10221	6	1	LVS	26.51549518525214
10221	6	1	vmPFC	28.82147467336736
10221	6	1	FFA	34.10656380941487
10221	6	1	sCerb	40.197189138256974
10221	6	1	iCerb	35.2454062439646
10221	6	1	Motor	39.96923125067292
10054	6	1	VS	30.793199146005755
10054	6	1	RVS	31.499495527249508
10054	6	1	LVS	27.396536110712542
10054	6	1	vmPFC	31.49518406085646
10054	6	1	FFA	41.665370805784484
10054	6	1	sCerb	41.80432380320207
10054	6	1	iCerb	36.79360892909481
10054	6	1	Motor	38.88709194743571
10186	3	1	VS	18.65711242739551
10186	3	1	RVS	26.04488216032118
10186	3	1	LVS	26.54378849219396
10186	3	1	vmPFC	23.794364060222414
10186	3	1	FFA	29.29813444602009
10186	3	1	sCerb	39.342885621608815
10186	3	1	iCerb	33.09054627131609
10186	3	1	Motor	48.902972460515485
10024	1	1	VS	23.275004599469636
10024	1	1	RVS	31.677596758156316
10024	1	1	LVS	29.569798626732187
10024	1	1	vmPFC	32.52964201182275
10024	1	1	FFA	47.65199970991598
10024	1	1	sCerb	43.6081631825023
10024	1	1	iCerb	44.99613643875799
10024	1	1	Motor	46.742675225797214
10043	6	4	VS	31.828638076782227
10043	6	4	RVS	30.115541458129883
10043	6	4	LVS	28.696577072143555
10043	6	4	vmPFC	42.76287841796875
10043	6	4	FFA	39.269161224365234
10043	6	4	sCerb	43.443485260009766
10043	6	4	iCerb	45.3597412109375
10043	6	4	Motor	51.082550048828125
10150	6	1	VS	17.57150490744355
10150	6	1	RVS	28.5901250031624
10150	6	1	LVS	18.26337812337159
10150	6	1	vmPFC	35.136005992588025
10150	6	1	FFA	29.70248627455952
10150	6	1	sCerb	33.95934322069018
10150	6	1	iCerb	35.435129858031154
10150	6	1	Motor	44.034158876451436
10154	3	4	VS	39.090328216552734
10154	3	4	RVS	38.63391876220703
10154	3	4	LVS	38.815025329589844
10154	3	4	vmPFC	58.85935974121094
10154	3	4	FFA	56.97637939453125
10154	3	4	sCerb	47.56033706665039
10154	3	4	iCerb	54.77591323852539
10154	3	4	Motor	50.739166259765625
10054	6	4	VS	30.142988204956055
10054	6	4	RVS	28.05045509338379
10054	6	4	LVS	26.276718139648438
10054	6	4	vmPFC	41.560394287109375
10054	6	4	FFA	46.847755432128906
10054	6	4	sCerb	45.39280319213867
10054	6	4	iCerb	42.2271614074707
10054	6	4	Motor	48.68498229980469
10125	1	4	VS	48.97708511352539
10125	1	4	RVS	43.44312286376953
10125	1	4	LVS	43.83477020263672
10125	1	4	vmPFC	50.00560760498047
10125	1	4	FFA	35.80349349975586
10125	1	4	sCerb	48.50571823120117
10125	1	4	iCerb	48.23430252075195
10125	1	4	Motor	44.65338134765625
10074	6	4	VS	27.037195205688477
10074	6	4	RVS	25.532424926757812
10074	6	4	LVS	23.67197036743164
10074	6	4	vmPFC	39.37902069091797
10074	6	4	FFA	43.92210388183594
10074	6	4	sCerb	37.783084869384766
10074	6	4	iCerb	42.853729248046875
10074	6	4	Motor	46.20524597167969
10142	1	4	VS	45.85147476196289
10142	1	4	RVS	41.45722198486328
10142	1	4	LVS	38.84073257446289
10142	1	4	vmPFC	57.0416145324707
10142	1	4	FFA	57.08234405517578
10142	1	4	sCerb	58.91810607910156
10142	1	4	iCerb	55.848453521728516
10142	1	4	Motor	56.41252517700195
10150	1	1	VS	18.226332497842492
10150	1	1	RVS	35.39577809604524
10150	1	1	LVS	18.759250427980326
10150	1	1	vmPFC	47.5789780151607
10150	1	1	FFA	40.43004456149709
10150	1	1	sCerb	42.60778926772341
10150	1	1	iCerb	41.258329421549085
10150	1	1	Motor	59.26130451651839
10043	1	4	VS	49.34537124633789
10043	1	4	RVS	47.863731384277344
10043	1	4	LVS	43.73149871826172
10043	1	4	vmPFC	61.701560974121094
10043	1	4	FFA	63.41450500488281
10043	1	4	sCerb	61.53288650512695
10043	1	4	iCerb	59.94406509399414
10043	1	4	Motor	71.42106628417969
10186	6	4	VS	24.673370361328125
10186	6	4	RVS	27.849029541015625
10186	6	4	LVS	25.478849411010742
10186	6	4	vmPFC	43.25167465209961
10186	6	4	FFA	32.644954681396484
10186	6	4	sCerb	40.466304779052734
10186	6	4	iCerb	32.75368118286133
10186	6	4	Motor	41.60113525390625
10074	1	1	VS	32.055133333184095
10074	1	1	RVS	30.639008316702917
10074	1	1	LVS	26.777696084760915
10074	1	1	vmPFC	29.193393186529498
10074	1	1	FFA	41.76553320665467
10074	1	1	sCerb	41.67738727581775
10074	1	1	iCerb	42.774477998106725
10074	1	1	Motor	41.677650715221866
10125	6	4	VS	28.21027183532715
10125	6	4	RVS	27.005714416503906
10125	6	4	LVS	27.041946411132812
10125	6	4	vmPFC	33.48504638671875
10125	6	4	FFA	33.83300018310547
10125	6	4	sCerb	38.519779205322266
10125	6	4	iCerb	36.01782989501953
10125	6	4	Motor	39.750938415527344
10024	6	1	VS	28.356182539286294
10024	6	1	RVS	33.02991987026103
10024	6	1	LVS	32.09525718188603
10024	6	1	vmPFC	38.32198622593628
10024	6	1	FFA	54.165903130218
10024	6	1	sCerb	44.64010447902233
10024	6	1	iCerb	45.205091717560045
10024	6	1	Motor	62.2367196355203
10142	3	1	VS	30.677172900088475
10142	3	1	RVS	27.940015855458405
10142	3	1	LVS	26.75613358577779
10142	3	1	vmPFC	34.97912390211471
10142	3	1	FFA	39.96338005547953
10142	3	1	sCerb	41.18665096146539
10142	3	1	iCerb	39.017393509422746
10142	3	1	Motor	44.76891910387395
10059	3	1	VS	38.10904249307861
10059	3	1	RVS	37.9533112609372
10059	3	1	LVS	35.89237356359972
10059	3	1	vmPFC	31.830595370684385
10059	3	1	FFA	31.92266611087339
10059	3	1	sCerb	39.15269740619217
10059	3	1	iCerb	37.363166586387166
10059	3	1	Motor	43.02321068772869
10108	3	1	VS	23.42424065071588
10108	3	1	RVS	27.60035237582024
10108	3	1	LVS	25.75883969153139
10108	3	1	vmPFC	32.56810158634511
10108	3	1	FFA	28.146383681293347
10108	3	1	sCerb	40.828102278254036
10108	3	1	iCerb	41.35160514568206
10108	3	1	Motor	45.058154858924446
10080	6	1	VS	16.108807481004966
10080	6	1	RVS	17.69885963291383
10080	6	1	LVS	20.840305660973122
10080	6	1	vmPFC	21.58295988876451
10080	6	1	FFA	33.47371200877451
10080	6	1	sCerb	37.472974576311714
10080	6	1	iCerb	36.234698328658695
10080	6	1	Motor	41.933129065898356
10137	6	4	VS	32.39803695678711
10137	6	4	RVS	30.52312660217285
10137	6	4	LVS	28.68014907836914
10137	6	4	vmPFC	45.07730484008789
10137	6	4	FFA	43.30024337768555
10137	6	4	sCerb	35.7699089050293
10137	6	4	iCerb	45.618377685546875
10137	6	4	Motor	48.361751556396484
10017	1	4	VS	56.22648239135742
10017	1	4	RVS	50.289207458496094
10017	1	4	LVS	50.68733596801758
10017	1	4	vmPFC	62.22635269165039
10017	1	4	FFA	70.14869689941406
10017	1	4	sCerb	63.380584716796875
10017	1	4	iCerb	60.97703170776367
10017	1	4	Motor	73.75390625
10188	1	4	VS	50.88410186767578
10188	1	4	RVS	42.687156677246094
10188	1	4	LVS	43.68644332885742
10188	1	4	vmPFC	40.6492919921875
10188	1	4	FFA	51.571495056152344
10188	1	4	sCerb	54.26170349121094
10188	1	4	iCerb	52.52112579345703
10188	1	4	Motor	50.70210266113281
10024	3	1	VS	30.2810227169153
10024	3	1	RVS	34.96871184202818
10024	3	1	LVS	34.00388602406792
10024	3	1	vmPFC	41.109794355581094
10024	3	1	FFA	53.64515025366617
10024	3	1	sCerb	44.744255350318184
10024	3	1	iCerb	45.636088198062026
10024	3	1	Motor	56.19425511591875
10078	3	4	VS	30.121225357055664
10078	3	4	RVS	36.43382263183594
10078	3	4	LVS	31.254011154174805
10078	3	4	vmPFC	38.672210693359375
10078	3	4	FFA	53.258338928222656
10078	3	4	sCerb	57.23252487182617
10078	3	4	iCerb	55.16918182373047
10078	3	4	Motor	41.011775970458984
10221	1	1	VS	30.009903215439156
10221	1	1	RVS	31.097592516930227
10221	1	1	LVS	31.997980151323155
10221	1	1	vmPFC	32.193100004754484
10221	1	1	FFA	38.38998963525723
10221	1	1	sCerb	44.82456138035087
10221	1	1	iCerb	39.907138086137685
10221	1	1	Motor	41.047407087940414
10154	6	4	VS	25.798053741455078
10154	6	4	RVS	28.231298446655273
10154	6	4	LVS	27.454612731933594
10154	6	4	vmPFC	51.33205795288086
10154	6	4	FFA	37.748008728027344
10154	6	4	sCerb	32.74355697631836
10154	6	4	iCerb	47.19888687133789
10154	6	4	Motor	41.19341278076172
10186	1	1	VS	16.925303004871257
10186	1	1	RVS	26.028675033179532
10186	1	1	LVS	26.803836564210542
10186	1	1	vmPFC	26.616992197491488
10186	1	1	FFA	25.099869297521785
10186	1	1	sCerb	35.95112329040542
10186	1	1	iCerb	33.433367699705755
10186	1	1	Motor	41.81327457025806
10150	3	1	VS	20.75874113334311
10150	3	1	RVS	33.60990004534231
10150	3	1	LVS	22.064291588096843
10150	3	1	vmPFC	42.86234938230052
10150	3	1	FFA	37.98376884723857
10150	3	1	sCerb	40.3670925222943
10150	3	1	iCerb	40.069583982062774
10150	3	1	Motor	53.31862802991762
10221	1	4	VS	44.535831451416016
10221	1	4	RVS	36.98891067504883
10221	1	4	LVS	39.10831069946289
10221	1	4	vmPFC	32.40575408935547
10221	1	4	FFA	38.91926193237305
10221	1	4	sCerb	49.18867492675781
10221	1	4	iCerb	46.071075439453125
10221	1	4	Motor	35.86347961425781
10125	3	1	VS	23.812405650909632
10125	3	1	RVS	29.251900001384907
10125	3	1	LVS	29.117521571717017
10125	3	1	vmPFC	42.77378485971519
10125	3	1	FFA	32.103438182528905
10125	3	1	sCerb	40.33839545891599
10125	3	1	iCerb	37.70159989285184
10125	3	1	Motor	46.19193248419538
10035	1	1	VS	24.53964440049992
10035	1	1	RVS	41.65760386666469
10035	1	1	LVS	33.83684087099654
10035	1	1	vmPFC	36.27164844588902
10035	1	1	FFA	49.47013270113816
10035	1	1	sCerb	52.78621894349316
10035	1	1	iCerb	56.077902080204275
10035	1	1	Motor	54.732529553806295
10108	3	4	VS	46.524383544921875
10108	3	4	RVS	43.62183380126953
10108	3	4	LVS	42.0213737487793
10108	3	4	vmPFC	58.91257095336914
10108	3	4	FFA	39.374229431152344
10108	3	4	sCerb	56.106536865234375
10108	3	4	iCerb	52.45884323120117
10108	3	4	Motor	53.69268798828125
10186	3	4	VS	34.13405990600586
10186	3	4	RVS	36.97673034667969
10186	3	4	LVS	32.644935607910156
10186	3	4	vmPFC	32.08677291870117
10186	3	4	FFA	43.877891540527344
10186	3	4	sCerb	50.56937789916992
10186	3	4	iCerb	44.12741470336914
10186	3	4	Motor	51.642173767089844
10035	3	1	VS	24.15958089372916
10035	3	1	RVS	38.67561074740743
10035	3	1	LVS	31.145820792675792
10035	3	1	vmPFC	36.54140230950858
10035	3	1	FFA	46.889807513901765
10035	3	1	sCerb	50.049295970822605
10035	3	1	iCerb	53.23211629430674
10035	3	1	Motor	49.721263388727415
10150	1	4	VS	39.772762298583984
10150	1	4	RVS	40.56991958618164
10150	1	4	LVS	36.993717193603516
10150	1	4	vmPFC	40.8529052734375
10150	1	4	FFA	24.832292556762695
10150	1	4	sCerb	37.753719329833984
10150	1	4	iCerb	39.33156204223633
10150	1	4	Motor	36.26103210449219
10125	1	1	VS	24.707224444717028
10125	1	1	RVS	30.38752816066825
10125	1	1	LVS	28.13906749106411
10125	1	1	vmPFC	33.81460559621632
10125	1	1	FFA	34.71486023689104
10125	1	1	sCerb	40.80007945200625
10125	1	1	iCerb	35.59525190148814
10125	1	1	Motor	42.54446921478099
10054	1	1	VS	42.13396072387695
10054	1	1	RVS	40.34122848510742
10054	1	1	LVS	37.29899215698242
10054	1	1	vmPFC	46.73020935058594
10054	1	1	FFA	54.87439727783203
10054	1	1	sCerb	51.04685974121094
10054	1	1	iCerb	44.357810974121094
10054	1	1	Motor	54.675655364990234
10078	1	1	VS	16.013021465088293
10078	1	1	RVS	29.433083581534007
10078	1	1	LVS	22.252174835216714
10078	1	1	vmPFC	45.62201329260672
10078	1	1	FFA	41.68694559207895
10078	1	1	sCerb	47.59359200666357
10078	1	1	iCerb	45.09781739759756
10078	1	1	Motor	49.75980314422338
10108	1	1	VS	25.691989846714492
10108	1	1	RVS	32.9179122368628
10108	1	1	LVS	27.57930824076379
10108	1	1	vmPFC	40.31776073556472
10108	1	1	FFA	31.5743987838121
10108	1	1	sCerb	44.07573826951533
10108	1	1	iCerb	43.737508826946744
10108	1	1	Motor	47.737218691498704
10059	3	4	VS	47.01728820800781
10059	3	4	RVS	44.769195556640625
10059	3	4	LVS	42.670650482177734
10059	3	4	vmPFC	56.75333023071289
10059	3	4	FFA	41.92166519165039
10059	3	4	sCerb	47.04590606689453
10059	3	4	iCerb	47.71659851074219
10059	3	4	Motor	48.028175354003906
10221	3	4	VS	39.34968185424805
10221	3	4	RVS	33.761085510253906
10221	3	4	LVS	35.810367584228516
10221	3	4	vmPFC	32.47123336791992
10221	3	4	FFA	37.14296340942383
10221	3	4	sCerb	46.532020568847656
10221	3	4	iCerb	41.6188850402832
10221	3	4	Motor	39.0441780090332
10017	6	4	VS	31.70218849182129
10017	6	4	RVS	28.980915069580078
10017	6	4	LVS	26.821964263916016
10017	6	4	vmPFC	40.17830276489258
10017	6	4	FFA	50.12730026245117
10017	6	4	sCerb	43.22832489013672
10017	6	4	iCerb	44.89486312866211
10017	6	4	Motor	52.89959716796875
10074	1	4	VS	43.740928649902344
10074	1	4	RVS	40.00590515136719
10074	1	4	LVS	38.98580551147461
10074	1	4	vmPFC	49.70674514770508
10074	1	4	FFA	62.018470764160156
10074	1	4	sCerb	53.60021209716797
10074	1	4	iCerb	52.42713165283203
10074	1	4	Motor	56.669403076171875
10054	3	4	VS	43.37818145751953
10054	3	4	RVS	38.49303436279297
10054	3	4	LVS	37.86287307739258
10054	3	4	vmPFC	43.41850280761719
10054	3	4	FFA	56.652042388916016
10054	3	4	sCerb	54.82222366333008
10054	3	4	iCerb	50.926692962646484
10054	3	4	Motor	53.5421257019043
10078	3	1	VS	16.148069055090794
10078	3	1	RVS	27.08770050872531
10078	3	1	LVS	21.995139540192366
10078	3	1	vmPFC	43.69739529722791
10078	3	1	FFA	39.792148192034816
10078	3	1	sCerb	46.07168354991826
10078	3	1	iCerb	44.90964821351972
10078	3	1	Motor	49.36203382771246
10142	6	4	VS	27.56726837158203
10142	6	4	RVS	24.310100555419922
10142	6	4	LVS	25.014122009277344
10142	6	4	vmPFC	42.30887985229492
10142	6	4	FFA	32.25349044799805
10142	6	4	sCerb	35.59012985229492
10142	6	4	iCerb	37.548152923583984
10142	6	4	Motor	36.92543411254883
10080	3	4	VS	26.287656784057617
10080	3	4	RVS	24.81112289428711
10080	3	4	LVS	26.628103256225586
10080	3	4	vmPFC	30.358074188232422
10080	3	4	FFA	40.96111297607422
10080	3	4	sCerb	41.538169860839844
10080	3	4	iCerb	44.085262298583984
10080	3	4	Motor	46.44633483886719
10054	3	1	VS	37.78249090849692
10054	3	1	RVS	36.75635056776267
10054	3	1	LVS	32.334555652472
10054	3	1	vmPFC	40.649980743674305
10054	3	1	FFA	52.357955475285024
10054	3	1	sCerb	49.50119982090859
10054	3	1	iCerb	44.5985835858148
10054	3	1	Motor	51.300541233131945
10142	6	1	VS	28.67106554094227
10142	6	1	RVS	25.46744232714062
10142	6	1	LVS	25.112036404249924
10142	6	1	vmPFC	36.98222453651104
10142	6	1	FFA	44.90728860992962
10142	6	1	sCerb	42.43666580657607
10142	6	1	iCerb	39.64106150486744
10142	6	1	Motor	47.82624508357093
10059	6	1	VS	36.77762752916681
10059	6	1	RVS	35.70027504517216
10059	6	1	LVS	33.6656952348104
10059	6	1	vmPFC	35.671470055202654
10059	6	1	FFA	53.87621819800177
10059	6	1	sCerb	43.38361094502641
10059	6	1	iCerb	40.29201337476243
10059	6	1	Motor	59.8578975676023
10108	1	4	VS	50.478477478027344
10108	1	4	RVS	44.98046112060547
10108	1	4	LVS	45.00658416748047
10108	1	4	vmPFC	47.22955322265625
10108	1	4	FFA	60.85368728637695
10108	1	4	sCerb	57.4744987487793
10108	1	4	iCerb	58.88747787475586
10108	1	4	Motor	70.82696533203125
10150	3	4	VS	28.631336212158203
10150	3	4	RVS	38.58019256591797
10150	3	4	LVS	32.99776077270508
10150	3	4	vmPFC	47.06324005126953
10150	3	4	FFA	46.723392486572266
10150	3	4	sCerb	46.64474105834961
10150	3	4	iCerb	47.66582489013672
10150	3	4	Motor	47.818965911865234
